{"stat.beaconInteraction":4,"stat.chestOpened":38,"stat.walkOneCm":113038,"stat.useItem.minecraft.torch":3,"stat.useItem.minecraft.chest":7,"achievement.openInventory":42,"stat.useItem.minecraft.stone":268,"stat.leaveGame":1,"stat.useItem.minecraft.sponge":1,"stat.useItem.minecraft.iron_block":10,"stat.useItem.minecraft.beacon":1,"stat.damageTaken":460,"stat.useItem.minecraft.emerald_block":8,"stat.useItem.minecraft.lava_bucket":1,"stat.useItem.minecraft.slime":29,"stat.flyOneCm":205932,"stat.deaths":2,"stat.drop":2,"stat.jump":384,"stat.swimOneCm":2705,"stat.mineBlock.minecraft.leaves":1,"stat.useItem.minecraft.writable_book":6,"stat.playOneMinute":59892,"stat.fallOneCm":1764,"stat.damageDealt":10,"stat.crouchOneCm":3290,"stat.timeSinceDeath":1622,"stat.useItem.minecraft.written_book":6,"stat.useItem.minecraft.dirt":41,"stat.sprintOneCm":40788,"stat.useItem.minecraft.sign":6,"achievement.exploreAllBiomes":{"value":0,"progress":["Sunflower Plains","Flower Forest","Forest","River","Extreme Hills"]},"stat.diveOneCm":7444}